Family,CR0118-D02,CR0119-D03,CR117-D01,CR120-D04,CR121-D05,CR122-D06,CR123-D07,CR124-D08,CR125-D09,CR126-D10,CR127-D11,CR128-D12,CR129-E01,CR130-E02,CR131-E03,CR132-E04,CR133-E05,CR134-E06,CR135-E07,CR136-E08,CR137-E09,CR138-E10,CR139-E11,CR140-E12,CR141-F01,CR142-F02,Fe-BAL-1,Fe-BAL-10,Fe-BAL-11,Fe-BAL-2,Fe-BAL-3,Fe-BAL-4,Fe-BAL-5,Fe-BAL-6,Fe-BAL-7,Fe-BAL-8,Fe-BAL-9
Ambiguous_taxa,1,1,3,1,380,3,1,4,1,22,1,7,1,1,1,1,1,1,1,1,8,1,1,1,1,5,1,1,1,1,1,1,1,1,1,1,1
0319-6G20,1,1,1,1,1,1,1,1,1,1,1,1,1,1,1,1,1,1,1,1,1,1,1,1,1,1,3,1,1,1,1,1,1,1,3,1,1
67-14,1,1,1,1,1,1,1,1,1,1,1,1,1,1,1,1,1,1,1,1,1,1,1,1,1,1,1,1,1,1,1,1,1,1,4,1,1
A0839,1,1,1,1,1,1,1,1,1,1,1,1,1,1,1,1,1,1,1,1,1,1,1,1,1,1,1,1,1,1,1,1,1,1,1,1,1
Acetobacteraceae,3,1,1,1,1,1,1,1,1,1,1,1,1,1,1,1,1,1,1,1,1,1,1,1,1,1,1,1,1,1,1,1,1,1,3,1,1
Acholeplasmataceae,1,1,1,1,1,1,1,1,1,8,1,1,1,1,1,1,1,1,1,1,1,1,1,1,1,5,1,1,1,1,1,1,1,1,1,1,1
Acholeplasmatales bacterium canine oral taxon 316,1,1,1,1,37,1,1,1,1,1,1,1,1,1,1,1,1,1,1,1,1,1,1,1,1,1,1,1,1,1,1,1,1,1,1,1,1
Acidaminococcaceae,1,1,1,1,1,1,1,1,1,1,1,1,1,1,1,1,1,1,1,1,1,1,1,1,1,1,1,3,1,1,1,1,1,4,1,1,1
Actinomycetaceae,1,1,1,1,24,1,1,1,1,1,1,1,4,1,1,1,1,1,1,1,1,1,1,1,1,1,8,1,5,1,10,4,41,9,10,13,12
Aerococcaceae,1,1,1,1,82,1,1,1,1,1,1,1,1,1,1,1,1,1,1,1,1,1,1,1,1,1,1,1,1,1,1,1,1,1,1,1,1
Aeromonadaceae,1,1,1,1,1,1,1,1,1,1,1,1,1,1,1,1,1,1,1,1,1,1,1,1,1,1,1,1,1,1,1,1,1,1,6,1,1
Akkermansiaceae,1,1,1,1,1,1,1,14,1,1,1,1,1,1,1,1,4,1,1,1,1,1,1,1,1,1,1,1,1,1,1,1,1,1,1,1,1
AKYH767,1,1,1,1,1,1,1,1,1,1,1,1,1,1,1,1,1,1,1,1,1,1,1,1,1,1,1,1,1,1,1,1,1,1,1,1,1
Alteromonadaceae,1,1,1,1,1,1,1,1,1,1,1,1,1,1,19,5,1,1,1,1,1,1,1,1,1,1,1,1,1,1,1,1,1,1,1,1,1
Anaerolineaceae,1,1,1,1,1,1,1,1,1,1,1,1,1,1,1,1,1,1,1,1,1,1,1,1,1,1,1,1,1,1,1,1,1,1,1,1,1
Anaeroplasmataceae,1,1,1,1,1,1,1,1,1,1,1,1,5,1,3,1,1,1,1,1,1,1,1,1,1,1,1,1,1,1,1,1,1,1,1,1,1
Aquaspirillaceae,1,1,1,1,1,1,1,1,1,25,1,29,1,1,1,1,1,1,1,1,1,1,1,1,1,1,1,1,1,1,1,1,1,1,1,1,1
Archangiaceae,1,1,1,1,1,1,1,1,1,1,1,1,1,1,1,1,1,1,1,1,1,1,1,1,1,1,1,1,1,1,1,1,1,1,1,1,1
Arcobacteraceae,1,1,1,1,144,13,1,1,1,1,1,11,1,1,1,1,1,1,1,1,1,1,1,1,1,10,1,1,1,1,1,1,1,1,1,1,1
Armatimonadaceae,1,1,1,1,1,1,1,1,1,1,1,1,1,1,1,1,1,1,1,1,1,1,1,1,1,1,1,1,1,1,1,1,1,1,1,1,1
Atopobiaceae,1,1,1,1,1,1,1,1,1,1,1,1,1,1,1,1,1,1,1,1,1,1,1,1,1,1,1,1,1,1,1,1,3,11,1,1,1
Azospirillaceae,3,1,1,1,1,1,1,1,1,1,1,1,1,1,1,1,1,1,1,1,1,1,1,1,1,1,1,1,1,1,1,1,1,1,1,1,1
Babeliaceae,1,1,1,1,1,1,1,1,1,1,1,1,1,1,1,1,1,1,1,1,1,1,1,1,1,1,1,1,1,1,1,1,1,1,1,1,1
Bacillaceae,1,1,5,29,1,1,10,10,1,7,14,5,1,8,1,5,4,1,6,12,6,1,9,6,9,11,12,98,1,1,1,1,1,5,1,7,77
bacteriap25,1,1,1,1,1,1,1,1,1,1,1,1,1,1,1,1,1,1,1,1,1,1,1,1,1,1,1,1,1,1,1,1,1,1,1,1,1
Bacteriovoracaceae,1,1,1,1,1,1,1,1,1,1,1,1,1,1,1,1,1,1,1,1,1,1,1,1,1,1,1,1,1,1,1,1,1,1,1,1,1
bacterium LWQ8,1,1,1,1,1,1,1,1,1,1,1,1,1,1,1,1,1,1,1,1,1,1,1,1,1,1,1,1,1,1,1,1,1,1,1,1,1
Bacteroidaceae,4,4,9,1,464,6,5,29,1,85,1,10,1,1,3,1,8,5,1,1,81,1,8,1,1,32,3,10,4,9,7,12,21,23,19,12,10
Barnesiellaceae,1,1,1,1,1,1,1,1,1,1,1,1,1,1,1,1,1,1,1,1,1,1,1,1,1,1,1,1,1,1,1,1,1,1,1,1,1
Bdellovibrionaceae,1,1,1,1,1,1,1,1,1,1,1,1,1,4,1,1,1,1,1,1,1,1,1,1,1,1,1,1,1,1,1,1,1,1,1,1,3
Beijerinckiaceae,1,1,1,1,1,5,1,1,1,1,1,1,1,1,1,1,1,1,1,1,1,1,1,1,1,1,1,1,1,3,1,6,9,4,1,1,1
Bifidobacteriaceae,1,3,1,4,1,5,5,7,1,1,1,1,1,1,1,1,1,1,1,1,1,1,1,1,1,1,5,1,1,1,1,4,9,30,1,1,1
BIrii41,1,1,1,1,1,1,1,1,1,1,1,1,1,1,1,1,1,1,1,1,1,1,1,1,1,1,1,1,1,1,1,1,1,1,1,1,1
Blastocatellaceae,1,1,1,4,3,8,1,1,1,1,1,1,1,1,1,1,1,1,1,1,1,1,1,1,1,1,1,1,1,1,1,1,1,1,1,1,1
Blattabacteriaceae,1,1,1,1,1,1,1,1,1,1,1,1,1,1,1,1,1,1,1,1,1,1,1,1,1,1,1,1,1,1,1,1,1,1,1,1,1
Brevibacteriaceae,1,1,1,3,1,1,1,1,1,1,1,1,1,1,1,1,1,1,1,1,1,1,1,1,1,1,1,1,1,1,1,1,1,1,1,1,1
Brocadiaceae,1,1,1,1,1,1,1,1,1,1,1,1,1,1,1,1,1,1,1,1,1,1,1,1,1,1,1,1,1,1,1,1,1,1,1,1,1
Burkholderiaceae,1,19,1,1,10,13,1,15,1,21,14,6,9,8,18,3,4,1,1,11,3,11,8,4,7,27,114,59,52,49,170,124,139,149,79,81,93
Caldilineaceae,1,1,1,1,1,1,1,1,1,1,1,1,1,1,1,1,1,1,1,1,1,1,1,1,1,1,1,1,1,1,1,1,1,1,1,1,1
Campylobacteraceae,1,1,1,1,13,1,1,1,1,7,1,3,1,1,1,1,1,13,1,1,9,1,1,1,1,1,1,1,1,1,1,1,1,1,1,1,4
candidate division SR1 bacterium taxon 345,1,1,1,1,1,1,1,1,1,1,1,1,1,1,1,1,1,1,1,1,1,1,1,1,1,1,1,1,1,1,1,1,1,1,1,1,1
Candidatus Adlerbacteria bacterium GW2011_GWC1_50_9,1,1,1,1,1,1,1,1,1,1,1,1,1,1,1,1,1,1,1,1,1,1,1,1,1,1,1,1,1,1,1,1,1,1,1,1,1
Candidatus Lloydbacteria bacterium RIFOXYC12_FULL_46_25,1,1,1,1,1,1,1,1,1,1,1,1,1,1,1,1,1,1,1,1,1,1,1,1,1,1,1,1,1,1,1,1,1,1,1,1,1
Candidatus Magasanikbacteria bacterium RIFCSPHIGHO2_12_FULL_41_16,1,1,1,1,1,1,1,1,1,1,1,1,1,1,1,1,1,1,1,1,1,1,1,1,1,1,1,1,1,1,1,1,1,1,1,1,1
Candidatus Magasanikbacteria bacterium RIFOXYD1_FULL_40_23,1,1,1,1,1,1,1,1,1,1,1,1,1,1,1,1,1,1,1,1,1,1,1,1,1,1,1,1,1,1,1,1,1,3,1,1,1
Candidatus Pacearchaeota archaeon RBG_19FT_COMBO_34_9,1,1,1,1,1,1,1,1,1,1,1,1,1,1,1,1,1,1,1,1,1,1,1,1,1,1,1,1,1,1,1,1,1,1,1,1,1
Candidatus Saccharibacteria bacterium UB2523,1,1,1,1,1,1,1,1,1,1,1,1,1,1,1,1,1,1,1,1,1,1,1,1,1,1,1,1,1,1,1,1,1,1,1,1,1
Candidatus Staskawiczbacteria bacterium RIFCSPHIGHO2_01_FULL_34_27,1,1,1,1,1,1,1,1,1,1,1,1,1,1,1,1,1,1,1,1,1,1,1,1,1,1,1,1,1,1,1,1,1,1,1,1,1
Candidatus Staskawiczbacteria bacterium RIFOXYA2_FULL_32_7,1,1,1,1,1,1,1,1,1,1,1,1,1,1,1,1,1,1,1,1,1,1,1,1,1,1,1,1,1,1,1,1,4,1,1,1,1
Candidatus Yanofskybacteria bacterium RIFCSPHIGHO2_02_FULL_46_19,1,1,1,1,1,1,1,1,1,1,1,1,1,1,1,1,1,1,1,1,1,1,1,1,1,1,1,1,1,1,1,1,1,1,1,1,1
Candidatus Zambryskibacteria bacterium RIFCSPLOWO2_02_FULL_51_21,1,1,1,1,1,1,1,1,1,1,1,1,1,1,1,1,1,1,1,1,1,1,1,1,1,1,1,1,1,1,1,1,3,1,1,1,1
Cardiobacteriaceae,1,6,1,1,9,3,1,1,1,1,1,4,1,1,1,1,1,1,1,1,38,1,1,1,1,1,1,1,1,1,1,4,1,1,1,3,1
Carnobacteriaceae,1,1,6,1,1,1,3,1,1,1,1,1,1,1,1,3,1,1,1,1,1,1,1,1,1,1,1,1,1,1,1,1,10,1,17,1,1
Caulobacteraceae,9,898,5,308,100,505,390,106,19,1,1,1,1,1,43,1,1,1,1,4,1,5,1,3,5,52,37,43,23,24,61,45,50,59,19,36,24
Cellvibrionaceae,1,1,1,1,1,1,1,1,1,1,1,1,1,1,1,1,1,1,1,1,1,1,1,1,1,1,1,1,1,1,1,1,1,1,3,1,1
Chitinophagaceae,4312,1,1,328,1180,1,95,1,1,4008,414,440,1,289,3,1,1,2035,1,1081,1,1,1,8226,1,2709,1,2867,1,1,1,1,591,1,1,1,1
Christensenellaceae,1,1,1,1,5,1,1,1,1,1,1,1,1,1,1,1,1,1,1,1,5,1,1,1,1,1,1,1,1,1,4,1,1,1,1,1,1
Chroococcidiopsaceae,1,1,1,1,1,1,1,1,1,1,1,1,1,1,1,1,1,1,1,1,1,1,1,1,1,1,1,1,1,1,1,1,1,1,1,1,1
Chthoniobacteraceae,1,1,1,1,1,1,1,1,1,1,1,1,1,1,1,1,1,1,1,1,1,1,1,1,1,1,1,1,1,1,1,1,1,1,1,1,1
Clostridiaceae 1,1,1,1,1,1461,1,1,1,1,1,1,1,3,1,1,4,1,1,1,1,1,1,1,1,1,33,11,9,1,11,7,1,9,6,12,1,6
Clostridiaceae 3,1,1,1,1,1,1,1,1,1,1,1,1,1,1,1,1,1,1,1,1,1,1,1,1,1,1,1,1,1,1,1,5,1,1,1,1,1
Clostridiales vadinBB60 group,1,1,1,1,1,1,1,1,1,1,1,1,1,1,1,1,1,1,1,1,1,1,1,1,1,1,1,1,1,1,1,1,1,1,1,1,1
Coriobacteriaceae,1,1,1,1,1,1,1,1,1,1,1,1,1,1,1,1,1,1,1,1,1,1,1,1,1,1,1,1,1,5,1,1,1,7,1,1,1
Coriobacteriales Incertae Sedis,1,1,1,1,1,1,1,1,1,1,1,1,1,1,1,1,1,1,1,1,1,1,1,1,1,1,1,1,1,1,1,1,1,1,1,1,1
Corynebacteriaceae,6,21,23,7,1,5,1,1,1,9,1,7,4,11,1,3,1,7,4,3,1,6,3,1,3,13,16,8,1,16,19,16,14,27,34,20,13
Crocinitomicaceae,1,1,1,1,1,1,1,1,1,4,1,1,1,1,1,1,1,1,1,1,1,1,1,1,1,1,1,1,1,1,1,1,1,5,3,1,1
Cryptosporangiaceae,1,1,1,1,1,1,1,1,1,1,1,1,1,1,1,1,1,1,1,1,1,1,1,1,1,1,1,1,1,1,1,1,4,1,1,1,4
cvE6,1,1,1,1,1,1,1,1,1,1,1,1,1,1,1,1,1,1,1,1,1,1,1,1,1,1,1,1,1,1,1,1,1,1,1,1,1
Cytophagaceae,1,1,1,1,1,1,1,1,1,1,1,1,1,1,1,1,1,1,1,1,1,1,1,1,1,1,1,1,1,1,1,1,1,1,1,1,1
Deferribacteraceae,1,1,1,4,1,1,1,1,1,1,1,1,1,1,1,1,1,1,1,1,1,1,1,1,1,1,1,1,1,1,1,1,1,1,1,1,1
Defluviitaleaceae,1,1,1,1,112,1,1,1,1,1,1,1,1,1,1,1,1,1,1,1,7,1,1,1,1,5,1,1,1,1,1,1,1,1,1,1,1
Deinococcaceae,1,1,6,1,1,1,1,1,1,1,1,1,1,1,1,1,1,1,1,3,1,1,1,1,1,3,1,1,1,1,1,1,1,1,1,1,1
Dermabacteraceae,1,1,1,1,1,1,1,1,1,1,1,1,1,1,1,1,1,1,1,1,1,1,1,1,1,1,1,1,1,1,1,1,1,1,1,1,1
Desulfarculaceae,1,1,1,1,1,1,1,1,1,1,1,1,1,1,1,1,1,1,1,1,1,1,1,1,1,1,1,1,1,1,1,1,1,1,1,1,1
Desulfomicrobiaceae,1,1,1,1,7,1,1,1,1,1,1,4,1,1,1,1,1,1,1,1,1,1,1,1,1,1,1,1,1,1,1,1,1,1,1,1,1
Desulfovibrionaceae,1,1,1,1,1,1,1,1,1,1,1,4,1,1,1,1,1,1,1,1,1,1,3,1,1,1,1,1,1,1,1,1,1,1,1,1,1
Devosiaceae,1,1,1,1,1,1,1,1,1,1,1,1,1,1,1,1,1,1,1,1,1,1,1,1,1,1,1,1,1,1,1,1,1,1,3,1,1
Dietziaceae,1,1,1,1,1,1,1,1,1,1,1,1,1,1,1,1,1,1,1,1,1,1,1,1,1,1,1,1,1,1,1,1,1,1,1,1,1
Diplorickettsiaceae,1,1,1,1,1,1,1,1,1,1,1,1,1,1,1,1,1,1,1,1,1,1,1,1,1,1,1,1,1,1,1,1,1,1,1,1,1
Dysgonomonadaceae,1,1,1,1,1,1,1,1,1,1,1,1,1,1,1,1,1,1,1,1,1,1,1,1,1,1,1,1,1,1,1,1,1,1,1,1,1
Eggerthellaceae,1,1,1,1,1,1,1,1,1,1,1,1,1,1,1,1,1,1,1,1,1,1,1,1,1,1,1,1,1,1,1,1,1,1,1,1,1
Enterobacteriaceae,1,8,1,1,18,1,1,1,1,1,1,1,9,1,1,1,5,1,1,1,1,1,6,1,1,4,1,1,1,1,7,1,4,1,1,1,3
Enterococcaceae,1,1,1,1,1,1,1,1,1,1,1,1,1,1,1,1,1,1,1,1,1,1,1,1,1,1,1,1,1,1,1,1,1,1,1,1,1
env.OPS 17,1,1,1,1,3,1,1,1,1,1,1,1,1,1,1,1,1,1,1,1,1,1,1,1,1,1,1,1,1,1,1,1,1,1,1,1,1
Erysipelotrichaceae,1,1,3,1,1861,3,4,36,1,23,1,6,1,1,1,1,1,1,1,1,5,1,1,1,1,1,1,1,1,1,5,1,3,7,1,3,1
Euzebyaceae,1,1,1,1,1,1,1,1,1,1,1,1,1,1,1,1,1,1,1,1,1,1,1,1,1,1,1,1,1,1,1,1,1,1,1,1,1
F082,1,1,1,1,1,1,1,1,1,1,1,1,1,1,1,1,1,1,1,1,1,1,1,1,1,1,1,1,1,1,1,1,1,1,1,1,1
Family X,1,1,1,1,1,1,1,1,1,1,1,1,1,1,1,1,1,1,1,1,1,1,1,1,1,1,1,1,1,1,1,1,1,1,1,1,1
Family XI,1,8,1,1,77,1,1,1,1,30,1,1,1,1,8,1,1,105,1,1,4,1,1,1,1,1,1,1,1,3,9,4,5,1,6,4,9
Family XII,1,1,1,1,51,1,1,1,1,1,1,17,1,1,1,1,1,1,1,1,8,1,1,1,1,3,1,1,1,1,1,3,1,1,1,1,1
Family XIII,1,1,1,1,1,1,1,6,1,1,1,1,1,1,1,1,1,1,3,1,1,1,1,1,1,1,1,1,1,1,1,1,3,1,1,1,1
Family XVII,1,6,1,1,1,1,1,1,1,1,1,1,1,1,1,1,1,1,1,1,1,1,1,1,1,1,1,1,1,1,1,1,1,1,1,1,1
Fimbriimonadaceae,1,1,1,1,1,1,1,1,1,1,1,1,1,1,1,1,1,1,1,1,1,1,1,1,1,1,1,1,1,1,1,1,1,1,1,1,1
Flavobacteriaceae,7,30,1,17,168,24,9,1,1,17,1,14,7,1,4,1,1,3,4,1,8,1,1,1,1,4,1,5,1,1,7,3,1,4,4,16,5
Fusobacteriaceae,1,1,1,3,1437,13,1,1,1,88,1,36,3,1,7,1,1,27,1,1,52,1,1,1,1,12,8,10,6,7,14,13,38,8,5,7,12
Gemmataceae,1,1,1,1,1,1,1,1,1,1,1,1,1,1,1,1,1,1,1,1,1,1,1,1,1,1,1,1,1,1,1,1,1,1,1,1,1
Gemmatimonadaceae,1,1,1,1,1,1,1,1,1,1,1,1,1,1,1,1,1,1,1,1,1,1,1,1,1,1,1,1,1,1,1,1,1,1,1,1,1
Gracilibacteria bacterium canine oral taxon 394,1,1,1,1,60,1,1,1,1,1,1,1,1,1,1,1,1,1,1,1,1,1,1,1,1,1,1,1,1,1,1,1,1,1,1,1,1
Haliangiaceae,1,1,1,1,1,1,1,1,1,1,1,1,1,1,1,1,1,1,1,1,1,1,1,1,1,1,1,1,1,1,1,1,5,1,1,1,1
Halieaceae,1,1,1,1,1,1,1,1,1,1,1,1,1,1,1,1,1,1,1,1,1,1,1,1,1,1,1,1,1,1,1,1,1,1,1,1,1
Halomonadaceae,1,1,1,1,1,1,1,1,1,1,1,1,1,1,1,1,1,1,1,1,1,1,1,1,1,1,1,1,1,3,1,1,1,1,1,1,1
Helicobacteraceae,1,1,1,1,187,7,1,1,1,1,1,8,1,1,1,1,1,3,1,1,1,1,1,8,1,6,1,1,1,1,1,1,1,1,1,1,3
Herpetosiphonaceae,1,1,1,1,1,1,1,1,1,1,1,1,1,1,1,1,1,1,1,1,1,1,1,1,1,1,1,1,1,1,1,1,1,1,1,1,1
Holophagaceae,1,1,1,1,1,1,1,1,1,1,1,1,1,1,1,1,1,1,1,1,1,1,1,1,1,1,1,1,1,1,1,1,1,1,1,1,1
Holosporaceae,1,1,1,1,1,1,1,1,1,1,1,1,1,1,1,1,1,1,1,1,1,1,1,1,1,1,1,1,1,1,1,1,1,1,1,1,1
Hydrogenophilaceae,1,4,1,3,1,1,6,3,1,1,1,1,1,1,1,1,1,1,1,1,1,1,1,1,1,1,1,1,1,1,1,1,1,1,7,10,1
Hymenobacteraceae,1,1,1,1,1,1,1,1,1,1,1,1,1,1,1,1,1,1,1,1,1,1,1,1,1,1,1,1,1,1,1,1,1,1,1,1,1
Hyphomicrobiaceae,1,1,1,1,1,1,1,1,1,1,1,1,1,1,1,1,1,1,1,1,1,1,1,1,1,1,1,1,1,1,1,1,1,1,1,1,1
Intrasporangiaceae,1,1,1,1,1,1,1,1,1,1,1,1,1,1,1,1,1,1,1,1,1,1,1,1,1,1,1,1,1,1,1,1,1,1,1,1,1
Isosphaeraceae,1,1,1,1,1,1,1,1,1,1,1,1,1,1,1,1,1,1,1,1,1,1,1,1,1,1,1,1,1,1,1,1,1,1,1,1,1
JG30-KF-CM45,1,1,1,1,1,1,1,1,1,1,1,1,1,1,1,1,1,1,1,1,1,1,1,1,1,1,1,1,1,1,1,1,1,1,1,1,1
Kineosporiaceae,1,1,1,1,1,1,1,1,1,1,1,1,1,1,1,1,1,1,1,1,1,1,1,1,1,1,1,1,1,1,1,1,1,1,1,1,1
Lachnospiraceae,5,1,11,7,247,3,13,1,1,37,6,1,26,8,4,3,23,1,6,3,12,1,17,1,4,6,1,8,1,4,1,6,11,20,1,1,5
Lactobacillaceae,1,1,7,1,1,1,1,24,1,1,1,3,4,1,1,1,5,1,1,1,1,1,1,1,1,1,1,1,1,1,1,1,5,1,1,6,1
Legionellaceae,1,1,1,1,1,1,1,1,1,1,1,1,1,1,1,1,1,1,1,1,1,1,1,1,1,1,1,1,1,1,1,1,1,1,1,1,1
Lentimicrobiaceae,1,1,1,1,1,1,1,1,1,1,1,1,1,1,1,1,1,1,1,1,1,1,1,1,1,1,1,1,1,1,1,1,1,1,1,1,1
Leptotrichiaceae,1,1,1,1,1156,12,3,1,1,145,1,17,1,1,1,1,1,10,1,1,43,1,1,1,1,1,1,1,1,1,1,1,1,1,1,5,1
Leuconostocaceae,1,1,1,1,1,1,1,1,1,1,1,1,1,1,1,4,1,1,1,1,1,1,1,1,1,1,1,1,1,1,1,1,1,1,1,1,3
Listeriaceae,1,1,1,1,1,1,1,1,1,1,1,1,1,1,1,1,1,1,1,1,1,1,1,1,1,1,1,1,1,1,10,1,1,5,14,6,1
LiUU-11-161,1,1,1,1,1,1,1,1,1,1,1,1,1,1,1,1,1,1,1,1,1,1,1,1,1,3,1,1,1,1,1,1,1,1,1,1,1
Marinifilaceae,1,1,1,1,1,1,1,5,1,1,1,1,4,1,1,1,1,1,1,1,1,1,1,1,1,1,1,1,1,1,1,1,1,1,1,1,1
Marinilabiliaceae,1,1,1,1,1,1,1,1,1,1,1,1,1,1,1,1,1,1,1,1,1,1,1,1,1,1,1,1,1,1,1,1,1,1,1,1,1
metagenome,1,1,1,1,1,1,1,1,1,1,1,1,1,1,1,1,1,1,1,1,1,1,1,1,1,1,1,1,1,3,1,1,1,1,1,1,1
Methanomicrobiaceae,1,1,1,1,1,1,1,1,1,1,1,1,1,1,1,1,1,1,1,1,1,1,1,1,1,1,1,1,1,1,1,1,1,1,1,1,1
Methyloligellaceae,1,1,1,1,1,1,1,1,1,1,1,1,1,1,1,1,1,1,1,1,1,1,1,1,1,1,1,1,1,1,1,1,1,1,1,1,1
Methylophilaceae,1,1,1,1,1,1,1,1,1,1,1,1,1,1,1,1,1,1,1,1,1,1,1,1,1,1,1,1,1,1,1,1,1,1,1,1,1
Micavibrionaceae,1,1,1,1,1,1,1,1,1,1,1,1,1,1,1,1,1,1,1,1,1,1,1,1,1,1,1,1,1,1,1,1,1,1,1,1,1
Microbacteriaceae,7,1,15,6,1,1,5,12,1,8,7,4,5,6,10,14,11,9,12,9,1,4,5,1,6,6,1,5,33,1,1,11,14,10,7,7,5
Micrococcaceae,1,1,5,1,5,1,1,1,1,1,1,1,1,1,1,1,4,8,1,1,1,1,1,1,1,6,7,1,1,8,6,1,11,11,1,1,1
Micropepsaceae,1,1,1,1,1,1,1,1,1,1,1,1,1,1,4,1,1,1,1,1,1,1,1,1,1,1,1,1,1,1,1,1,1,1,1,1,1
Microscillaceae,1,1,1,1,1,1,1,1,1,1,1,1,1,1,1,1,1,1,1,1,1,1,1,1,1,1,1,1,1,1,1,1,1,1,1,1,1
Microtrichaceae,1,1,1,1,1,1,1,1,1,1,1,1,1,1,1,1,1,1,1,1,1,1,1,1,1,1,1,1,1,1,1,1,1,1,1,1,1
Mitochondria,1,1,1,1,1,1,1,1,1,1,1,1,1,1,5,1,1,1,1,1,1,1,1,1,1,1,1,1,1,1,1,1,1,1,1,1,13
mle1-27,1,1,1,1,1,1,1,1,1,1,1,1,1,1,1,1,1,1,1,1,1,1,1,1,1,1,1,1,1,1,1,1,1,1,1,1,1
Moraxellaceae,15,2976,28,755,6585,1702,1449,462,49,41,1,42,4,1,96,74,1,1,1,581,234,550,283,231,390,973,272,173,115,134,421,268,212,347,193,159,177
Moritellaceae,1,1,1,1,1,1,1,1,1,1,1,1,1,1,1,1,1,1,1,1,1,1,1,1,1,1,1,1,1,1,1,1,1,1,16,20,1
Muribaculaceae,9,6,38,26,1,5,51,407,1,19,3,3,54,1,16,1,71,1,14,5,1,1,56,1,10,6,1,4,1,1,4,3,4,18,1,5,5
Mycoplasmataceae,10,8,1,13,573,1,1,1,1,219,11,1,1,1,1,51,1,226,1,1,1,1,1,536,5,39,1,1,1,1,1,1,1,1,1,1,1
Nakamurellaceae,1,1,1,1,1,1,1,1,1,1,1,1,1,1,1,1,1,1,1,1,1,1,1,1,1,1,1,3,1,1,1,1,1,1,1,1,1
Neisseriaceae,1,47,4,1,4645,68,1,1,1,135,1,38,1,1,1,1,1,4,1,1,38,3,1,1,1,1,3,3,4,7,8,13,1,5,6,5,7
Nitrosomonadaceae,5,1,15,1,1,1,1,1,1,14,3,7,11,22,65,1,1,1,1,1,1,1,1,1,1,1,1,1,1,1,1,1,1,1,1,1,1
Nitrososphaeraceae,1,1,1,1,1,1,1,1,1,1,1,1,1,1,1,1,1,1,1,1,1,1,1,1,1,1,1,1,1,1,1,1,1,1,1,1,1
Nitrosotaleaceae,1,1,1,1,1,1,1,1,1,1,1,1,1,1,1,1,1,1,1,1,1,1,1,1,1,1,1,1,1,1,1,1,1,1,1,1,1
Nocardiaceae,1,1,1,4,1,1,1,1,1,1,1,1,1,1,1,1,1,1,1,1,1,1,1,1,1,1,1,4,1,1,1,3,1,3,1,1,1
Nocardioidaceae,1,1,1,1,1,1,1,1,1,1,1,1,1,1,1,1,1,1,1,1,1,1,1,1,1,1,1,1,1,1,1,1,1,1,1,1,1
Nocardiopsaceae,1,1,1,1,1,1,1,1,1,1,1,1,1,1,1,1,1,1,1,1,1,1,1,1,1,1,1,1,1,1,1,1,1,1,1,1,1
NS11-12 marine group,1,1,3,1,1,1,1,1,1,3,1,1,1,1,1,1,1,1,1,1,1,1,1,1,1,1,1,1,1,1,1,1,1,1,1,1,1
NS9 marine group,1,1,1,1,1,1,1,1,1,1,1,1,1,1,1,1,1,1,1,1,1,1,1,1,1,1,1,1,1,1,1,1,1,3,1,1,1
Oligoflexaceae,1,1,1,1,1,1,1,1,1,1,1,1,1,1,1,1,1,1,1,1,1,1,1,1,1,1,1,1,1,1,1,1,1,1,1,1,1
Omnitrophaceae,1,1,1,1,1,1,1,1,1,1,1,1,1,1,1,1,1,1,1,1,1,1,1,1,1,1,1,1,1,1,1,1,1,1,1,1,1
Opitutaceae,1,1,3,1,1,1,1,1,1,1,1,1,1,1,1,1,1,1,1,1,1,1,1,1,1,1,1,1,1,1,1,1,1,1,1,1,1
Orbaceae,1,1,1,1,1,1,1,1,1,1,1,1,1,1,1,1,1,1,1,1,1,1,1,1,1,1,1,1,1,1,1,1,1,1,1,1,1
P3OB-42,3,1,1,1,1,1,1,1,1,1,1,1,1,1,1,1,1,1,1,1,1,1,1,1,1,1,1,1,1,1,1,1,1,1,1,1,1
Paenibacillaceae,1,4,1,1,1,6,1,1,1,1,1,1,1,1,1,1,1,1,1,1,1,1,1,1,1,1,1,1,1,3,1,1,1,1,1,1,1
Paludibacteraceae,1,1,1,1,5,1,1,1,1,1,1,1,1,1,1,1,1,1,1,1,1,1,1,1,1,1,1,1,1,1,1,1,1,1,1,1,1
Paracaedibacteraceae,1,1,1,1,1,1,1,1,1,1,1,1,1,1,1,1,1,1,1,1,1,1,1,1,1,1,1,1,1,1,1,1,1,1,1,1,1
Parachlamydiaceae,1,1,1,1,1,1,1,1,1,1,1,1,1,1,1,1,1,1,1,1,1,1,1,1,1,1,1,1,1,1,1,1,1,1,1,1,1
Parcubacteria bacterium C7867-005,1,1,1,1,1,1,1,1,1,1,1,1,1,1,1,1,1,1,1,1,1,1,1,1,1,1,1,1,1,1,1,1,1,1,1,1,1
Parcubacteria group bacterium GW2011_GWA2_40_14,1,1,1,1,1,1,1,1,1,1,1,1,1,1,1,1,1,1,1,1,1,1,1,1,1,1,1,1,1,1,1,1,1,1,1,1,1
Parcubacteria group bacterium GW2011_GWA2_42_14,1,1,1,1,1,1,1,1,1,1,1,1,1,1,1,1,1,1,1,1,1,1,1,1,1,1,1,1,1,1,1,3,1,1,1,1,1
Parcubacteria group bacterium GW2011_GWB1_42_6,1,1,1,1,1,1,1,1,1,1,1,1,1,1,1,1,1,1,1,1,1,1,1,1,1,1,1,1,1,1,1,1,1,1,1,1,1
Pasteurellaceae,1,80,12,1,20973,81,8,1,1,432,8,51,1,1,11,1,1,17,1,1,221,1,1,1,1,195,7,1,1,1,8,4,11,6,8,8,16
Pedosphaeraceae,1,1,1,1,1,1,1,1,1,1,1,1,1,1,1,1,1,1,1,1,1,1,1,1,1,1,1,1,1,1,1,1,1,1,1,1,1
Peptococcaceae,1,1,4,5,48,1,1,1,1,13,1,5,3,1,1,1,3,1,1,1,1,1,1,1,1,1,1,3,1,1,1,1,1,1,3,1,1
Peptostreptococcaceae,1,1,3,1,230,1,1,1,1,29,1,6,3,1,1,1,1,1,1,1,11,1,1,1,1,7,1,1,1,1,1,1,6,8,1,1,1
Phaselicystidaceae,1,1,1,1,1,1,1,1,1,1,1,1,1,1,1,1,1,1,1,1,1,1,1,1,1,1,1,1,1,1,1,1,1,1,1,1,5
Phormidiaceae,1,1,1,1,1,1,1,1,1,1,1,1,1,1,1,1,1,1,1,1,1,1,1,1,1,1,1,1,1,1,1,1,1,1,1,1,1
Pirellulaceae,1,1,1,1,1,1,1,1,1,1,1,1,1,1,1,1,1,1,1,1,1,1,1,1,1,1,1,1,1,1,1,1,1,1,1,1,1
Piscirickettsiaceae,1,1,1,1,1,1,1,1,1,1,1,1,1,1,1,1,1,1,1,1,1,1,1,1,1,1,1,1,1,1,1,1,1,1,1,1,1
Planococcaceae,1,1,1,1,1,1,1,1,1,1,1,1,1,1,1,1,1,1,1,1,1,1,1,1,1,1,18,1,1,1,1,1,1,1,1,1,159
Polyangiaceae,1,1,3,1,1,1,1,1,1,1,1,1,1,1,1,1,1,1,1,1,1,1,1,1,1,1,1,1,1,1,1,1,1,1,1,1,300
Porphyromonadaceae,4,59,1,9,7188,13,3,1,1,303,1,90,1,1,1,1,1,9,1,1,68,1,1,1,1,64,1,1,1,1,1,16,1,3,1,3,5
Prevotellaceae,3,1,1,1,1476,4,1,14,1,93,1,9,1,1,11,1,1,1,1,1,43,1,1,1,1,14,1,1,3,4,8,3,12,8,1,1,9
Prolixibacteraceae,1,1,1,1,1,1,1,1,1,1,1,1,1,1,1,1,1,1,1,1,1,1,1,1,1,1,1,1,1,1,1,1,1,1,1,1,1
Propionibacteriaceae,35,24,62,27,1,30,15,1,1,17,6,9,20,24,19,4,7,16,7,8,3,12,6,5,9,36,37,50,76,113,143,137,129,160,163,162,82
Pseudanabaenaceae,1,1,1,1,1,1,1,1,1,1,1,1,1,1,1,1,1,1,1,1,1,1,1,1,1,1,1,1,1,1,1,1,1,1,1,1,1
Pseudoalteromonadaceae,1,1,1,1,1,1,1,1,1,1,1,1,1,1,1,1,1,1,1,1,1,1,1,1,1,1,1,1,1,1,1,1,1,1,6,8,1
Pseudomonadaceae,1,142,46,20,94,43,18,24,1,442,106,1,9,1,5,20,1,1,1,10,1,13,10,1,6,31,5208,4138,2316,4496,9630,7510,6935,8191,5550,4940,5242
Pseudonocardiaceae,1,1,1,1,1,1,1,1,1,1,1,1,1,1,1,1,1,1,1,1,1,1,1,1,1,1,1,1,1,1,1,1,1,1,1,1,1
Pyrinomonadaceae,1,1,1,1,1,1,1,1,1,1,1,1,1,1,1,1,1,1,1,1,1,1,1,1,1,1,1,1,1,1,1,1,1,1,1,1,1
Reyranellaceae,3,1,1,1,1,1,1,1,1,1,1,1,1,1,1,1,1,1,1,1,1,1,1,1,1,1,1,1,1,1,1,1,1,1,1,1,1
Rhizobiaceae,1,1353,1,567,139,873,675,249,35,1,98,1,1,1,5,1,1,1,1,8,5,1,3,1,1,8,1,7,1,4,10,51,9,1,9,1,1
Rhodanobacteraceae,1,1,1,1,1,1,1,1,1,1,1,1,1,1,1,1,1,1,1,1,1,1,1,1,1,1,1,1,1,1,1,1,1,1,1,1,1
Rhodobacteraceae,1,1,1,1,1,1,1,1,1,1,1,1,1,1,1,1,1,1,1,1,1,1,1,1,1,1,1,1,1,1,1,1,1,1,1,1,1
Rhodopirillaceae,1,1,1,1,1,1,1,1,1,1,1,1,1,1,1,1,1,1,1,1,1,1,1,1,1,1,1,1,1,1,1,1,1,1,1,1,1
Rickettsiaceae,1,1,1,1,1,1,1,1,1,1,1,1,1,1,1,1,1,1,1,1,1,1,1,1,1,1,1,1,1,1,1,1,1,1,1,1,1
Rikenellaceae,1,1,1,1,5,1,4,28,1,1,3,1,9,1,1,1,7,5,1,1,1,1,4,1,1,1,1,1,1,1,1,1,1,1,1,1,1
Rs-M59 termite group,1,1,1,1,1,1,1,1,1,4,1,1,1,1,1,1,1,1,1,1,1,1,1,1,1,1,1,1,1,1,1,1,1,1,1,1,1
Rubritaleaceae,1,1,1,1,1,1,1,1,1,1,1,1,1,1,1,1,1,1,1,1,1,1,1,1,1,1,1,1,1,1,1,1,1,1,1,1,1
Rubrobacteriaceae,1,1,1,1,1,1,1,1,1,1,1,1,1,1,1,1,1,1,1,1,1,1,1,1,1,1,1,1,1,1,1,1,1,1,1,1,1
Ruminococcaceae,3,1,8,4,12,1,9,23,1,12,5,1,4,1,5,3,16,1,1,1,1,1,1,1,3,1,1,3,1,4,4,8,6,4,8,5,1
Saccharimonadaceae,1,1,1,1,30,1,1,1,1,1,1,4,1,1,1,1,1,1,1,1,1,1,1,1,1,1,1,1,1,1,1,1,1,1,1,1,1
Sandaracinaceae,1,1,1,1,1,1,1,1,1,1,1,1,1,1,1,1,1,1,1,1,1,1,1,1,1,1,1,1,1,1,1,1,1,1,1,1,1
Saprospiraceae,1,1,1,1,1,1,1,1,1,1,1,1,1,1,1,1,1,1,1,1,1,1,1,1,1,1,1,1,1,1,1,1,1,3,1,1,1
SB-5,1,1,1,1,1,1,1,1,1,1,1,1,1,1,1,1,1,1,1,1,1,1,1,1,1,1,1,1,1,1,1,1,1,1,1,1,1
Schlesneriaceae,1,1,1,1,1,1,1,1,1,1,1,1,1,1,1,1,1,1,1,1,1,1,1,1,1,1,1,1,1,1,1,1,1,1,1,1,1
Simkaniaceae,1,1,1,1,1,1,1,1,1,1,1,1,1,1,1,1,1,1,1,1,1,1,1,1,1,1,1,1,1,1,1,1,1,1,1,1,1
SM2D12,1,1,1,1,1,1,1,1,1,1,1,1,1,1,1,1,1,1,1,1,1,1,1,1,1,1,1,1,1,1,1,1,1,1,1,1,1
Solibacteraceae (Subgroup 3),1,1,1,1,1,1,1,1,1,1,1,1,6,1,1,1,3,1,1,1,1,1,1,1,1,1,1,1,1,1,1,1,1,1,1,1,1
Solimonadaceae,1,1,1,1,1,1,1,1,1,1,1,1,1,1,1,1,1,1,1,1,1,1,1,1,1,1,1,1,1,1,1,1,1,1,1,1,1
Solirubrobacteraceae,1,1,1,1,1,1,1,1,1,1,1,1,1,1,1,1,1,1,1,1,1,1,1,1,1,1,1,1,1,1,1,1,1,1,1,1,1
Sphingobacteriaceae,1,11,1,3,1,3,4,1,1,1,1,1,1,1,1,1,1,1,1,7,1,1,4,1,1,1,8,6,4,5,12,17,10,15,6,4,14
Sphingomonadaceae,1,173,1,65,13,86,86,28,6,1,1,1,1,1,1,7,4,1,1,4,1,1,1,1,1,16,272,235,200,221,600,388,431,361,354,221,303
Spirochaetaceae,1,1,1,1,11,1,1,1,1,3,1,4,1,1,1,1,1,1,1,1,1,1,1,1,1,1,1,1,1,1,1,1,1,1,1,1,1
Spirosomaceae,1,1,1,1,1,1,1,1,1,1,1,1,1,1,1,1,1,1,1,1,1,1,1,1,1,1,1,4,1,1,1,4,4,8,1,3,3
Sporichthyaceae,1,1,1,1,1,1,1,1,1,1,1,1,1,1,1,1,1,1,1,1,1,1,1,1,1,1,1,3,1,1,1,5,5,1,1,1,6
Sporolactobacillaceae,1,1,1,1,1,1,1,1,1,1,1,1,1,1,1,1,1,1,1,1,1,1,1,1,1,1,1,1,1,1,1,1,1,1,1,1,1
SR1 bacterium canine oral taxon 380,1,1,1,1,16,1,1,1,1,28,1,1,3,1,1,1,1,6,1,1,26,1,1,1,1,1,1,1,1,1,1,1,1,1,1,6,1
SR1 bacterium canine oral taxon 382,1,1,1,1,12,1,1,1,1,1,1,1,1,1,1,1,1,1,1,1,1,1,1,1,1,1,1,1,1,1,1,1,1,1,1,1,1
Staphylococcaceae,1,46,35,10,6,10,1,1,1,12,1,1,10,8,1,1,5,10,5,1,1,10,1,1,1,14,11,6,23,24,54,49,32,25,57,31,31
Steroidobacteraceae,1,1,1,1,1,1,1,1,1,1,1,1,1,1,1,1,1,1,1,1,1,1,1,1,1,1,1,1,1,1,1,1,1,1,1,1,1
Streptococcaceae,6,70,25,16,313,23,6,5,1,70,3,1,10,12,176,1,1,1,1,3,6,1,6,1,4,21,22,27,12,18,33,21,76,24,31,30,61
Succinivibrionaceae,1,1,1,1,1,1,1,1,1,1,1,1,1,1,1,1,1,1,1,1,1,1,1,1,1,1,1,1,1,1,1,10,9,7,5,1,5
Sulfurospirillaceae,1,1,1,1,1,1,1,1,1,1,1,1,1,1,1,1,1,1,1,1,1,1,1,1,1,1,1,1,1,1,1,1,1,1,1,1,1
Synergistaceae,1,1,1,1,1,1,1,1,1,1,1,5,1,1,1,1,1,1,1,1,1,1,1,1,1,1,1,1,1,1,1,1,1,1,1,1,1
Tannerellaceae,1,1,1,1,1,1,1,4,1,1,1,3,3,1,1,1,1,1,1,1,1,1,1,1,1,1,1,1,1,1,1,1,1,1,1,1,1
Terrimicrobiaceae,1,1,1,1,1,1,1,1,1,1,1,1,1,1,1,1,1,1,1,1,1,1,1,1,1,1,1,1,1,1,1,1,1,1,1,1,1
Thermaceae,1,1,1,1,1,1,1,1,1,1,1,1,1,1,1,1,1,1,1,1,1,1,1,1,1,1,1,1,1,1,1,1,3,1,1,1,1
Thiovulaceae,1,1,1,1,1,1,1,1,1,1,1,1,1,1,1,1,1,1,1,1,1,1,1,1,1,1,1,1,1,1,1,1,1,1,1,1,1
uncultured,1,1,1,1,1,1,1,3,1,1,1,1,1,1,3,1,1,1,1,1,1,1,1,1,1,1,1,1,1,1,1,1,1,1,3,1,1
uncultured anaerobic bacterium,1,1,1,1,1,1,1,1,1,1,1,1,1,1,1,1,1,1,1,1,1,1,1,1,1,1,1,1,1,1,1,1,1,1,1,1,1
uncultured bacterium,1,1,1,1,1,1,1,1,1,1,1,1,1,1,1,1,1,1,1,1,1,1,1,1,1,1,4,3,1,1,1,1,5,1,3,1,1
uncultured bacterium SBR2113,1,1,1,1,1,1,1,1,1,1,1,1,1,1,1,1,1,1,1,1,1,1,1,1,1,1,1,1,1,1,1,1,1,1,1,1,1
uncultured Banisveld landfill bacterium BVC56,1,1,1,1,1,1,1,1,1,1,1,1,1,1,1,1,1,1,1,1,1,1,1,1,1,1,1,1,1,1,1,1,1,1,1,1,1
uncultured candidate division SR1 bacterium,1,1,1,1,1,1,1,1,1,1,1,1,1,1,1,1,1,1,1,1,1,1,1,1,1,1,1,1,1,1,1,1,1,1,1,1,1
uncultured euryarchaeote,1,1,1,1,1,1,1,1,1,1,1,1,1,1,1,1,1,1,1,1,1,1,1,1,1,1,1,1,1,1,1,1,1,1,1,1,1
uncultured Firmicutes bacterium,1,1,1,1,1,1,1,1,1,1,1,1,1,1,1,1,1,1,1,1,1,1,1,1,1,1,1,1,1,1,1,1,1,1,1,1,1
uncultured Flexibacter sp.,1,1,1,1,1,1,1,1,1,1,1,1,1,1,1,1,1,1,1,1,1,1,1,1,1,1,1,1,1,1,1,1,1,1,1,1,1
uncultured Omnitrophica bacterium,1,1,1,1,1,1,1,1,1,1,1,1,1,1,1,1,1,1,1,1,1,1,1,1,1,1,1,1,1,1,1,1,1,1,1,1,1
uncultured Parcubacteria group bacterium,1,1,1,1,1,1,1,1,1,1,1,1,1,1,1,1,1,1,1,1,1,1,1,1,1,1,1,1,1,1,1,1,5,1,1,1,1
uncultured rumen bacterium,1,1,1,1,1,1,1,1,1,1,1,1,1,1,1,1,1,1,1,1,1,1,1,1,1,1,1,1,1,1,1,1,1,1,1,1,1
uncultured soil bacterium,1,1,1,1,1,1,1,1,1,1,1,1,1,1,1,1,1,1,1,1,1,1,1,1,1,1,1,1,1,1,1,1,1,1,1,1,1
uncultured Sphingobium sp.,1,1,1,1,1,1,1,1,1,1,1,1,1,1,1,1,1,1,1,1,1,1,1,1,1,1,1,1,1,1,1,1,1,1,1,1,1
unidentified,1,1,1,1,1,1,1,1,1,1,1,1,1,1,1,1,1,1,1,1,1,1,1,1,1,1,1,1,1,1,1,1,1,1,1,1,1
unidentified rhodophyte PRD01a010B,1,1,1,1,1,1,1,1,1,1,1,1,1,1,1,1,1,1,1,1,1,1,1,1,1,1,1,1,1,1,1,1,1,1,1,1,1
Unknown Family,1,3,1,1,1,1,1,1,1,1,1,1,1,1,1,1,1,1,1,1,1,3,1,1,1,1,1,1,1,1,1,1,1,1,1,1,1
Veillonellaceae,1,1,1,1,12,1,1,1,1,1,1,1,1,1,4,1,1,1,1,1,1,1,1,1,1,12,1,1,6,1,4,1,12,42,1,1,17
Vermiphilaceae,1,1,1,1,1,1,1,1,1,1,1,1,1,1,1,1,1,1,1,1,1,1,1,1,1,1,1,1,1,1,1,1,1,1,1,1,1
Vibrionaceae,1,1,1,1,1,1,1,1,1,1,1,1,1,1,1,1,1,1,1,1,1,1,1,1,1,1,1,1,1,1,5,6,1,1,3,1,5
wastewater metagenome,1,1,1,1,1,1,1,1,1,1,1,1,1,1,1,1,1,1,1,1,1,1,1,1,1,1,1,1,1,1,1,1,1,1,1,1,1
WD2101 soil group,1,1,1,1,1,1,1,1,1,1,1,1,1,1,1,1,1,1,1,1,1,1,1,1,1,1,1,1,1,1,1,1,1,1,1,1,1
Weeksellaceae,1,105,1,51,1040,87,50,18,1,11,1,32,1,1,8,7,1,1,1,7,5,1,1,1,7,12,1,1,1,1,1,1,1,5,1,5,4
Xanthobacteraceae,6,9,6,1,1,1,1,1,1,1,1,1,1,1,1,1,1,1,1,1,1,1,1,1,1,1,8,77,21,37,38,45,50,38,42,45,44
Xanthomonadaceae,1,559,1,195,332,255,176,107,14,218,997,3,4,1,3,14,1,1,1,1,1,1,1,1,1,14,187,94,106,118,272,204,209,207,152,143,119
Undefined,3,1,8,1,145,1,1,9,1,3,1,3,1,1,25,1,1,1,1,1,1,1,1,1,1,6,9,11,13,7,5,1,3,18,12,13,19
